{
    "9:60-61_316": -30.587890625,
    "2:178-179_400": -38.46875,
    "2:190-194_400": -37.421875,
    "2:243-245_400": -26.828125,
    "4:74-76_400": -26.791015625,
    "4:80-84_400": -37.7265625,
    "4:88-91_400": -20.42724609375,
    "5:32-34_400": -30.46875,
    "8:38-40_400": -24.8720703125,
    "9:1-6_400": -22.3671875,
    "9:12-16_400": -35.16796875,
    "9:28-29_400": -30.27734375,
    "9:36-37_400": -23.087890625,
    "9:122-123_400": -27.294921875,
    "17:31-35_400": -34.5625,
    "25:63-77_400": -35.40234375,
    "33:25-27_400": -20.8741455078125,
    "33:60-62_400": -15.06591796875,
    "47:1-6_400": -36.3046875,
    "49:9-10_400": -31.8203125,
    "2:34-39_257": -24.990234375,
    "7:19-25_257": -32.9140625,
    "20:115-123_257": -20.56640625,
    "2:83-86_313": -24.5390625,
    "2:178-179_313": -33.3671875,
    "2:228-230_313": -38.53125,
    "2:234-237_313": -37.90625,
    "3:145-148_313": -34.5703125,
    "3:169-175_313": -37.3828125,
    "4:36-40_313": -33.38671875,
    "4:122-126_313": -34.68359375,
    "5:12-13_313": -36.3671875,
    "5:82-86_313": -35.1796875,
    "7:54-56_313": -38.59375,
    "9:90-96_313": -38.703125,
    "9:100-102_313": -22.1903076171875,
    "9:117-121_313": -37.96875,
    "17:22-30_313": -31.953125,
    "18:29-31_313": -34.6328125,
    "22:30-37_313": -38.9921875,
    "29:61-69_313": -38.3046875,
    "33:28-31_313": -37.828125,
    "39:9-10_313": -39.1015625,
    "39:32-37_313": -36.3984375,
    "41:33-36_313": -35.1015625,
    "46:15-18_313": -35.828125,
    "53:31-41_313": -39.5,
    "2:124-129_103": -33.703125,
    "10:65-70_149": -22.59326171875,
    "20:86-94_163": -32.71484375,
    "20:95-98_163": -12.2080078125,
    "6:161-163_373": -24.6123046875,
    "39:11-20_373": -26.1796875,
    "104:1-9_107": -32.80078125,
    "41:13-18_236": -22.85546875,
    "46:21-25_236": -30.55859375,
    "51:38-46_236": -17.21337890625,
    "54:18-22_236": -31.71484375,
    "69:1-8_236": -24.53662109375,
    "73:15-19_386": -37.5390625,
    "2:233-233_132": -37.546875,
    "31:12-19_132": -31.353515625,
    "46:15-18_132": -36.65625,
    "24:30-31_348": -34.59375,
    "33:32-34_348": -24.3125,
    "33:53-55_348": -38.3359375,
    "33:56-59_348": -35.921875,
    "2:190-194_304": -31.533203125,
    "4:88-91_304": -34.56640625,
    "8:62-66_304": -29.7265625,
    "9:1-6_304": -30.1484375,
    "9:73-74_304": -33.6953125,
    "25:45-55_304": -31.68359375,
    "47:1-6_304": -30.685546875,
    "66:8-9_304": -35.9140625,
    "2:151-153_415": -37.3984375,
    "3:30-32_415": -37.1953125,
    "3:130-136_415": -36.03125,
    "3:164-165_415": -37.9609375,
    "4:12-14_415": -33.88671875,
    "4:58-59_415": -36.234375,
    "4:64-65_415": -38.1484375,
    "4:66-70_415": -38.6328125,
    "4:80-84_415": -38.1015625,
    "5:90-93_415": -37.3671875,
    "5:103-105_415": -36.21875,
    "7:157-158_415": -35.078125,
    "8:20-26_415": -37.265625,
    "9:71-72_415": -35.15625,
    "24:46-54_415": -37.03125,
    "24:55-57_415": -35.44140625,
    "24:62-64_415": -38.328125,
    "33:21-24_415": -36.625,
    "33:36-40_415": -37.3359375,
    "33:69-71_415": -34.7890625,
    "47:33-38_415": -36.671875,
    "48:16-17_415": -35.1015625,
    "49:6-8_415": -27.484375,
    "58:12-13_415": -36.34375,
    "59:6-7_415": -37.234375,
    "64:11-13_415": -36.21875,
    "2:256-257_417": -38.9140625,
    "10:107-109_417": -28.72265625,
    "17:12-17_417": -39.109375,
    "18:29-31_417": -38.1640625,
    "27:89-93_417": -35.21875,
    "39:38-41_417": -38.2265625,
    "109:1-6_417": -37.2734375,
    "5:44-47_351": -18.77001953125
}
