{
    "9:60-61_316": -28.11328125,
    "2:178-179_400": -32.8671875,
    "2:190-194_400": -30.06640625,
    "2:243-245_400": -23.26953125,
    "4:74-76_400": -16.5400390625,
    "4:80-84_400": -28.2578125,
    "4:88-91_400": -12.5234375,
    "5:32-34_400": -25.25,
    "8:38-40_400": -22.49658203125,
    "9:1-6_400": -18.076171875,
    "9:12-16_400": -24.412109375,
    "9:28-29_400": -26.3984375,
    "9:36-37_400": -13.268310546875,
    "9:122-123_400": -21.58795166015625,
    "17:31-35_400": -26.33984375,
    "25:63-77_400": -25.8671875,
    "33:25-27_400": -24.623046875,
    "33:60-62_400": -12.3681640625,
    "47:1-6_400": -30.328125,
    "49:9-10_400": -22.074462890625,
    "2:34-39_257": -19.4296875,
    "7:19-25_257": -20.69287109375,
    "20:115-123_257": -17.05859375,
    "2:83-86_313": -24.3359375,
    "2:178-179_313": -30.88671875,
    "2:228-230_313": -31.8984375,
    "2:234-237_313": -31.96875,
    "3:145-148_313": -28.69140625,
    "3:169-175_313": -32.31640625,
    "4:36-40_313": -23.74609375,
    "4:122-126_313": -31.11328125,
    "5:12-13_313": -28.60546875,
    "5:82-86_313": -30.19140625,
    "7:54-56_313": -31.25,
    "9:90-96_313": -33.26171875,
    "9:100-102_313": -22.60546875,
    "9:117-121_313": -30.47265625,
    "17:22-30_313": -27.76953125,
    "18:29-31_313": -31.3671875,
    "22:30-37_313": -10.837890625,
    "29:61-69_313": -30.41015625,
    "33:28-31_313": -31.82421875,
    "39:9-10_313": -32.7109375,
    "39:32-37_313": -27.02734375,
    "41:33-36_313": -30.4453125,
    "46:15-18_313": -27.92578125,
    "53:31-41_313": -33.703125,
    "2:124-129_103": -28.015625,
    "10:65-70_149": -16.232421875,
    "20:86-94_163": -31.79296875,
    "20:95-98_163": -15.2939453125,
    "6:161-163_373": -21.617431640625,
    "39:11-20_373": -30.5390625,
    "104:1-9_107": -27.1328125,
    "41:13-18_236": -21.28515625,
    "46:21-25_236": -15.529296875,
    "51:38-46_236": -16.60986328125,
    "54:18-22_236": -18.3828125,
    "69:1-8_236": -18.59375,
    "73:15-19_386": -27.73046875,
    "2:233-233_132": -32.5703125,
    "31:12-19_132": -27.2734375,
    "46:15-18_132": -32.21875,
    "24:30-31_348": -28.078125,
    "33:32-34_348": -22.08984375,
    "33:53-55_348": -30.6875,
    "33:56-59_348": -30.44140625,
    "2:190-194_304": -28.48046875,
    "4:88-91_304": -29.625,
    "8:62-66_304": -25.212890625,
    "9:1-6_304": -22.263671875,
    "9:73-74_304": -29.140625,
    "25:45-55_304": -30.44140625,
    "47:1-6_304": -24.912109375,
    "66:8-9_304": -28.9921875,
    "2:151-153_415": -26.3125,
    "3:30-32_415": -29.5234375,
    "3:130-136_415": -28.28125,
    "3:164-165_415": -28.73046875,
    "4:12-14_415": -27.61328125,
    "4:58-59_415": -29.71484375,
    "4:64-65_415": -31.1171875,
    "4:66-70_415": -31.96875,
    "4:80-84_415": -30.2109375,
    "5:90-93_415": -31.33203125,
    "5:103-105_415": -25.42578125,
    "7:157-158_415": -25.5546875,
    "8:20-26_415": -28.140625,
    "9:71-72_415": -29.6171875,
    "24:46-54_415": -29.015625,
    "24:55-57_415": -29.015625,
    "24:62-64_415": -31.26953125,
    "33:21-24_415": -29.59765625,
    "33:36-40_415": -30.0546875,
    "33:69-71_415": -26.23046875,
    "47:33-38_415": -29.21484375,
    "48:16-17_415": -27.37109375,
    "49:6-8_415": -21.625,
    "58:12-13_415": -32.9296875,
    "59:6-7_415": -30.76953125,
    "64:11-13_415": -31.48828125,
    "2:256-257_417": -31.73046875,
    "10:107-109_417": -26.41015625,
    "17:12-17_417": -33.07421875,
    "18:29-31_417": -32.46484375,
    "27:89-93_417": -23.7197265625,
    "39:38-41_417": -30.9140625,
    "109:1-6_417": -25.490234375,
    "5:44-47_351": -20.537109375
}
