{
    "9:60-61_316": -19.21875,
    "2:178-179_400": -26.7734375,
    "2:190-194_400": -26.97265625,
    "2:243-245_400": -7.03369140625,
    "4:74-76_400": -26.06640625,
    "4:80-84_400": -26.08984375,
    "4:88-91_400": 3.4990234375,
    "5:32-34_400": -17.583251953125,
    "8:38-40_400": -23.86328125,
    "9:1-6_400": -21.146484375,
    "9:12-16_400": -26.1796875,
    "9:28-29_400": -16.3486328125,
    "9:36-37_400": -26.72265625,
    "9:122-123_400": -21.51171875,
    "17:31-35_400": -22.31640625,
    "25:63-77_400": -24.81640625,
    "33:25-27_400": -9.916015625,
    "33:60-62_400": -23.07421875,
    "47:1-6_400": -26.19921875,
    "49:9-10_400": -25.99609375,
    "2:34-39_257": -15.91845703125,
    "7:19-25_257": -13.72265625,
    "20:115-123_257": -13.041015625,
    "2:83-86_313": -2.3900146484375,
    "2:178-179_313": -26.40625,
    "2:228-230_313": -25.9765625,
    "2:234-237_313": -19.376953125,
    "3:145-148_313": -25.08203125,
    "3:169-175_313": -26.80078125,
    "4:36-40_313": -15.8154296875,
    "4:122-126_313": -26.90625,
    "5:12-13_313": -25.40234375,
    "5:82-86_313": -24.84765625,
    "7:54-56_313": -26.0546875,
    "9:90-96_313": -26.69921875,
    "9:100-102_313": -24.84765625,
    "9:117-121_313": -24.45703125,
    "17:22-30_313": 6.45361328125,
    "18:29-31_313": -26.421875,
    "22:30-37_313": 21.703125,
    "29:61-69_313": 11.7265625,
    "33:28-31_313": -26.76953125,
    "39:9-10_313": -25.84375,
    "39:32-37_313": -26.75,
    "41:33-36_313": -25.375,
    "46:15-18_313": -23.53515625,
    "53:31-41_313": -26.8046875,
    "2:124-129_103": -22.44140625,
    "10:65-70_149": -19.798828125,
    "20:86-94_163": -22.765625,
    "20:95-98_163": -20.30078125,
    "6:161-163_373": -12.28125,
    "39:11-20_373": -26.75,
    "104:1-9_107": -17.34521484375,
    "41:13-18_236": -11.509765625,
    "46:21-25_236": -26.36328125,
    "51:38-46_236": -10.13671875,
    "54:18-22_236": -17.3251953125,
    "69:1-8_236": -21.56640625,
    "73:15-19_386": -26.80078125,
    "2:233-233_132": -25.47265625,
    "31:12-19_132": 21.53515625,
    "46:15-18_132": -25.92578125,
    "24:30-31_348": -23.89453125,
    "33:32-34_348": -13.2861328125,
    "33:53-55_348": -23.9296875,
    "33:56-59_348": -26.3828125,
    "2:190-194_304": -26.65625,
    "4:88-91_304": -6.205078125,
    "8:62-66_304": -26.8671875,
    "9:1-6_304": -26.18359375,
    "9:73-74_304": -23.0,
    "25:45-55_304": 13.6884765625,
    "47:1-6_304": -23.03125,
    "66:8-9_304": -21.3515625,
    "2:151-153_415": -26.06640625,
    "3:30-32_415": -25.49609375,
    "3:130-136_415": -26.703125,
    "3:164-165_415": -26.8828125,
    "4:12-14_415": -26.35546875,
    "4:58-59_415": -26.24609375,
    "4:64-65_415": -26.79296875,
    "4:66-70_415": -26.8125,
    "4:80-84_415": -26.37109375,
    "5:90-93_415": -26.25390625,
    "5:103-105_415": -25.18359375,
    "7:157-158_415": -27.0234375,
    "8:20-26_415": -26.32421875,
    "9:71-72_415": -27.0390625,
    "24:46-54_415": -26.828125,
    "24:55-57_415": -26.58984375,
    "24:62-64_415": -26.46875,
    "33:21-24_415": -26.5,
    "33:36-40_415": -25.5859375,
    "33:69-71_415": -24.8515625,
    "47:33-38_415": -26.5234375,
    "48:16-17_415": -26.36328125,
    "49:6-8_415": -21.21875,
    "58:12-13_415": -26.64453125,
    "59:6-7_415": -25.83203125,
    "64:11-13_415": -26.5703125,
    "2:256-257_417": -26.47265625,
    "10:107-109_417": -26.57421875,
    "17:12-17_417": -26.7109375,
    "18:29-31_417": -26.58984375,
    "27:89-93_417": -26.12109375,
    "39:38-41_417": -26.83203125,
    "109:1-6_417": -26.7578125,
    "5:44-47_351": -17.06005859375
}
