{
    "9:60-61_316": -10.063079833984375,
    "2:178-179_400": -20.193359375,
    "2:190-194_400": -19.91015625,
    "2:243-245_400": -15.8046875,
    "4:74-76_400": -18.017578125,
    "4:80-84_400": -19.68359375,
    "4:88-91_400": -1.6494140625,
    "5:32-34_400": -14.802734375,
    "8:38-40_400": -16.970703125,
    "9:1-6_400": -6.9921875,
    "9:12-16_400": -18.322265625,
    "9:28-29_400": -18.28125,
    "9:36-37_400": -19.76171875,
    "9:122-123_400": -18.724609375,
    "17:31-35_400": -18.318359375,
    "25:63-77_400": -14.7841796875,
    "33:25-27_400": -9.230712890625,
    "33:60-62_400": -16.623046875,
    "47:1-6_400": -18.927734375,
    "49:9-10_400": -18.095703125,
    "2:34-39_257": -11.5966796875,
    "7:19-25_257": -0.3173828125,
    "20:115-123_257": -7.5654296875,
    "2:83-86_313": -3.347900390625,
    "2:178-179_313": -19.73046875,
    "2:228-230_313": -18.345703125,
    "2:234-237_313": -16.171875,
    "3:145-148_313": -19.390625,
    "3:169-175_313": -18.994140625,
    "4:36-40_313": -14.453125,
    "4:122-126_313": -18.79296875,
    "5:12-13_313": -16.630859375,
    "5:82-86_313": -16.67578125,
    "7:54-56_313": -19.546875,
    "9:90-96_313": -18.640625,
    "9:100-102_313": -18.64453125,
    "9:117-121_313": -17.541015625,
    "17:22-30_313": -3.6944580078125,
    "18:29-31_313": -19.412109375,
    "22:30-37_313": -0.27734375,
    "29:61-69_313": 6.7333984375,
    "33:28-31_313": -19.314453125,
    "39:9-10_313": -18.89453125,
    "39:32-37_313": -19.7421875,
    "41:33-36_313": -19.591796875,
    "46:15-18_313": -18.216796875,
    "53:31-41_313": -20.11328125,
    "2:124-129_103": -4.8154296875,
    "10:65-70_149": -12.559326171875,
    "20:86-94_163": -11.7001953125,
    "20:95-98_163": -6.70703125,
    "6:161-163_373": -9.43115234375,
    "39:11-20_373": -13.4161376953125,
    "104:1-9_107": -13.4296875,
    "41:13-18_236": -4.0261077880859375,
    "46:21-25_236": -18.314453125,
    "51:38-46_236": -8.86328125,
    "54:18-22_236": -13.279296875,
    "69:1-8_236": -12.6298828125,
    "73:15-19_386": -19.755859375,
    "2:233-233_132": -18.515625,
    "31:12-19_132": -1.84765625,
    "46:15-18_132": -17.525390625,
    "24:30-31_348": -18.783203125,
    "33:32-34_348": -14.6064453125,
    "33:53-55_348": -19.373046875,
    "33:56-59_348": -19.755859375,
    "2:190-194_304": -19.26953125,
    "4:88-91_304": -2.708251953125,
    "8:62-66_304": -18.130859375,
    "9:1-6_304": -7.689453125,
    "9:73-74_304": -15.06640625,
    "25:45-55_304": 10.328125,
    "47:1-6_304": -18.912109375,
    "66:8-9_304": -17.400390625,
    "2:151-153_415": -18.427734375,
    "3:30-32_415": -17.9765625,
    "3:130-136_415": -20.201171875,
    "3:164-165_415": -17.130859375,
    "4:12-14_415": -17.59375,
    "4:58-59_415": -18.98046875,
    "4:64-65_415": -20.154296875,
    "4:66-70_415": -19.77734375,
    "4:80-84_415": -19.025390625,
    "5:90-93_415": -19.76953125,
    "5:103-105_415": -18.21875,
    "7:157-158_415": -19.556640625,
    "8:20-26_415": -17.70703125,
    "9:71-72_415": -19.609375,
    "24:46-54_415": -18.669921875,
    "24:55-57_415": -19.09375,
    "24:62-64_415": -15.17578125,
    "33:21-24_415": -19.052734375,
    "33:36-40_415": -6.02734375,
    "33:69-71_415": -18.818359375,
    "47:33-38_415": -18.962890625,
    "48:16-17_415": -18.87109375,
    "49:6-8_415": -12.701171875,
    "58:12-13_415": -20.236328125,
    "59:6-7_415": -19.173828125,
    "64:11-13_415": -20.08984375,
    "2:256-257_417": -17.8984375,
    "10:107-109_417": -19.06640625,
    "17:12-17_417": -18.732421875,
    "18:29-31_417": -19.19140625,
    "27:89-93_417": -18.3125,
    "39:38-41_417": -19.0546875,
    "109:1-6_417": -18.830078125,
    "5:44-47_351": -7.564453125
}
